SET SQL_MODE="NO_AUTO_VALUE_ON_ZERO";
SET time_zone = "+00:00";

/*!40101 SET @OLD_CHARACTER_SET_CLIENT=@@CHARACTER_SET_CLIENT */;
/*!40101 SET @OLD_CHARACTER_SET_RESULTS=@@CHARACTER_SET_RESULTS */;
/*!40101 SET @OLD_COLLATION_CONNECTION=@@COLLATION_CONNECTION */;
/*!40101 SET NAMES utf8 */;


CREATE TABLE IF NOT EXISTS `tbl_articles` (
  `id` int(11) unsigned NOT NULL AUTO_INCREMENT,
  `name` varchar(255) DEFAULT NULL,
  `subject` varchar(255) DEFAULT NULL,
  `synopsis` text,
  `text` text,
  `media` varchar(255) NOT NULL,
  `url` varchar(255) DEFAULT NULL,
  `attribute` text,
  `publish_date` date DEFAULT NULL,
  `unpublish_date` date DEFAULT NULL,
  `allow_comment` tinyint(1) DEFAULT NULL,
  `tags` text,
  `order` tinyint(3) DEFAULT NULL,
  `user_id` tinyint(3) DEFAULT NULL,
  `count` int(11) DEFAULT NULL,
  `status` enum('publish','unpublish','deleted') DEFAULT 'publish',
  `added` int(11) DEFAULT NULL,
  `modified` int(11) DEFAULT NULL,
  PRIMARY KEY (`id`),
  KEY `name` (`name`,`publish_date`,`unpublish_date`,`allow_comment`,`order`)
) ENGINE=MyISAM  DEFAULT CHARSET=utf8 AUTO_INCREMENT=4 ;

INSERT INTO `tbl_articles` (`id`, `name`, `subject`, `synopsis`, `text`, `media`, `url`, `attribute`, `publish_date`, `unpublish_date`, `allow_comment`, `tags`, `order`, `user_id`, `count`, `status`, `added`, `modified`) VALUES
(1, NULL, 'What is Lorem Ipsum?', '<p>\n	Lorem Ipsum is simply dummy text of the printing and typesetting industry. Lorem Ipsum has been the industry&#39;s standard dummy text ever since the 1500s, when an unknown printer took a galley of type and scrambled it to make a type specimen book.</p>\n', '<p>\n	Lorem Ipsum is simply dummy text of the printing and typesetting industry. Lorem Ipsum has been the industry&#39;s standard dummy text ever since the 1500s, when an unknown printer took a galley of type and scrambled it to make a type specimen book. It has survived not only five centuries, but also the leap into electronic typesetting, remaining essentially unchanged. It was popularised in the 1960s with the release of Letraset sheets containing Lorem Ipsum passages, and more recently with desktop publishing software like Aldus PageMaker including versions of Lorem Ipsum.</p>\n', '3314d-bendungan-big.jpg', 'what-is-lorem-ipsum', NULL, '2016-08-09', '2016-08-31', NULL, NULL, NULL, NULL, NULL, 'unpublish', 1470712059, 1470887822),
(2, NULL, 'Why do we use it?', '<p>\n	It is a long established fact that a reader will be distracted by the readable content of a page when looking at its layout. The point of using Lorem Ipsum is that it has a more-or-less normal distribution of letters, as opposed to using &#39;Content here, content here&#39;, making it look like readable English.</p>\n', '<p>\n	It is a long established fact that a reader will be distracted by the readable content of a page when looking at its layout. The point of using Lorem Ipsum is that it has a more-or-less normal distribution of letters, as opposed to using &#39;Content here, content here&#39;, making it look like readable English. Many desktop publishing packages and web page editors now use Lorem Ipsum as their default model text, and a search for &#39;lorem ipsum&#39; will uncover many web sites still in their infancy. Various versions have evolved over the years, sometimes by accident, sometimes on purpose (injected humour and the like).<br />\n	<br />\n	&nbsp;</p>\n', '40694-terowongan-big.jpg', 'why-do-we-use-it', NULL, '2016-08-09', '2016-08-31', NULL, NULL, NULL, NULL, NULL, 'unpublish', 1470712733, 1470887869),
(3, NULL, 'Where does it come from?', '<p>\n	Contrary to popular belief, Lorem Ipsum is not simply random text. It has roots in a piece of classical Latin literature from 45 BC, making it over 2000 years old. Richard McClintock, a Latin professor at Hampden-Sydney College in Virginia, looked up one of the more obscure Latin words, consectetur, from a Lorem Ipsum passage, and going through the cites of the word in classical literature, discovered the undoubtable source.</p>\n', '<p>\n	Contrary to popular belief, Lorem Ipsum is not simply random text. It has roots in a piece of classical Latin literature from 45 BC, making it over 2000 years old. Richard McClintock, a Latin professor at Hampden-Sydney College in Virginia, looked up one of the more obscure Latin words, consectetur, from a Lorem Ipsum passage, and going through the cites of the word in classical literature, discovered the undoubtable source. Lorem Ipsum comes from sections 1.10.32 and 1.10.33 of &quot;de Finibus Bonorum et Malorum&quot; (The Extremes of Good and Evil) by Cicero, written in 45 BC. This book is a treatise on the theory of ethics, very popular during the Renaissance. The first line of Lorem Ipsum, &quot;Lorem ipsum dolor sit amet..&quot;, comes from a line in section 1.10.32.</p>\n', 'd57ad-gedung-big.jpg', 'where-does-it-come-from', NULL, '2016-08-09', '2016-08-31', NULL, NULL, NULL, NULL, NULL, 'unpublish', 1470714002, 1470887878);

CREATE TABLE IF NOT EXISTS `tbl_captcha` (
  `id` bigint(20) unsigned NOT NULL AUTO_INCREMENT,
  `time` int(11) DEFAULT NULL,
  `ip_address` varchar(32) DEFAULT NULL,
  `word` varchar(10) DEFAULT NULL,
  PRIMARY KEY (`id`)
) ENGINE=MyISAM  DEFAULT CHARSET=utf8 AUTO_INCREMENT=908 ;

INSERT INTO `tbl_captcha` (`id`, `time`, `ip_address`, `word`) VALUES
(907, 1491536678, '::1', 'KlcPH');

CREATE TABLE IF NOT EXISTS `tbl_ci_sessions` (
  `session_id` varchar(42) NOT NULL DEFAULT '0',
  `ip_address` varchar(16) NOT NULL DEFAULT '0',
  `user_agent` varchar(255) DEFAULT NULL,
  `last_activity` int(11) unsigned NOT NULL,
  `user_data` blob,
  PRIMARY KEY (`session_id`),
  KEY `session_id` (`session_id`,`ip_address`)
) ENGINE=MyISAM DEFAULT CHARSET=utf8;

INSERT INTO `tbl_ci_sessions` (`session_id`, `ip_address`, `user_agent`, `last_activity`, `user_data`) VALUES
('e519e68b62b74f11c40028b8500a6870', '::1', 'Mozilla/5.0 (Macintosh; Intel Mac OS X 10.12; rv:52.0) Gecko/20100101 Firefox/52.0', 1491455305, 0x613a363a7b733a393a22757365725f64617461223b733a303a22223b733a31313a226d6f64756c655f6c697374223b733a3430323a227b2241646d696e223a7b2264617368626f6172647b7b736c6173687d7d2f696e646578223a2244617368626f6172642050616e656c222c22757365727b7b736c6173687d7d2f696e646578223a225573657273222c227573657267726f75707b7b736c6173687d7d2f696e646578223a22557365722047726f757073222c2273657474696e677b7b736c6173687d7d2f696e646578223a2253657474696e6773227d2c224d6f64756c65223a7b226d6f64756c656c6973747b7b736c6173687d7d2f696e646578223a224d6f64756c65204c69737473227d2c2241727469636c65223a7b2261727469636c657b7b736c6173687d7d2f696e646578223a2241727469636c6573227d2c2250616765223a7b22706167657b7b736c6173687d7d2f696e646578223a225061676573222c22706167656d656e757b7b736c6173687d7d2f696e646578223a2250616765204d656e7573227d2c225061727469636970616e74223a7b227061727469636970616e747b7b736c6173687d7d2f696e646578223a225061727469636970616e74227d7d223b733a32303a226d6f64756c655f66756e6374696f6e5f6c697374223b733a343036333a227b2241646d696e223a7b2264617368626f6172647b7b736c6173687d7d2f696e646578223a2244617368626f6172642050616e656c222c22757365727b7b736c6173687d7d2f696e646578223a225573657273222c227573657267726f75707b7b736c6173687d7d2f696e646578223a22557365722047726f757073222c2273657474696e677b7b736c6173687d7d2f696e646578223a2253657474696e6773222c2264617368626f6172647b7b736c6173687d7d2f616464223a22416464204e65772044617368626f617264222c2264617368626f6172647b7b736c6173687d7d2f76696577223a22566965772044617368626f617264222c2264617368626f6172647b7b736c6173687d7d2f65646974223a22456469742044617368626f617264222c2264617368626f6172647b7b736c6173687d7d2f64656c657465223a2244656c6574652044617368626f617264222c2264617368626f6172647b7b736c6173687d7d2f6368616e6765223a224368616e67652044617368626f61726420537461747573222c22757365727b7b736c6173687d7d2f616464223a224164642055736572222c22757365727b7b736c6173687d7d2f76696577223a22566965772055736572222c22757365727b7b736c6173687d7d2f65646974223a22456469742055736572222c22757365727b7b736c6173687d7d2f64656c657465223a2244656c6574652055736572222c22757365727b7b736c6173687d7d2f6368616e6765223a224368616e6765205573657220537461747573222c22757365727b7b736c6173687d7d2f696d616765223a224368616e6765205573657220496d616765222c22757365727b7b736c6173687d7d2f75706c6f6164223a2255706c6f6164205573657220496d616765222c22757365727b7b736c6173687d7d2f6578706f7274223a224578706f727420557365722044617461222c227573657267726f75707b7b736c6173687d7d2f616464223a2241646420557365722047726f7570222c227573657267726f75707b7b736c6173687d7d2f76696577223a225669657720557365722047726f7570222c227573657267726f75707b7b736c6173687d7d2f65646974223a224564697420557365722047726f7570222c227573657267726f75707b7b736c6173687d7d2f64656c657465223a2244656c65746520557365722047726f7570222c227573657267726f75707b7b736c6173687d7d2f6368616e6765223a224368616e676520557365722047726f757020537461747573222c227573657267726f75707b7b736c6173687d7d2f6578706f7274223a224578706f727420557365722047726f75702044617461222c2273657474696e677b7b736c6173687d7d2f616464223a224164642053657474696e67222c2273657474696e677b7b736c6173687d7d2f76696577223a22566965772053657474696e67222c2273657474696e677b7b736c6173687d7d2f65646974223a22456469742053657474696e67222c2273657474696e677b7b736c6173687d7d2f64656c657465223a2244656c6574652053657474696e67222c2273657474696e677b7b736c6173687d7d2f6368616e6765223a224368616e67652053657474696e6720537461747573227d2c224d6f64756c65223a7b226d6f64756c656c6973747b7b736c6173687d7d2f65646974223a2245646974204d6f64756c65222c226d6f64756c656c6973747b7b736c6173687d7d2f7472617368223a2244656c6574652055736572205065726d697373696f6e227d2c2241727469636c65223a7b2261727469636c657b7b736c6173687d7d2f696e646578223a2241727469636c6573222c2261727469636c657b7b736c6173687d7d2f696e6465787b7b736c6173687d7d2f616464223a224164642041727469636c65222c2261727469636c657b7b736c6173687d7d2f696e6465787b7b736c6173687d7d2f72656164223a22526561642041727469636c65222c2261727469636c657b7b736c6173687d7d2f696e6465787b7b736c6173687d7d2f65646974223a22456469742041727469636c65222c2261727469636c657b7b736c6173687d7d2f696e6465787b7b736c6173687d7d2f64656c657465223a2244656c6574652041727469636c65222c2261727469636c655f67616c6c6572797b7b736c6173687d7d2f696e646578223a2241727469636c652047616c6c657279222c2261727469636c655f67616c6c6572797b7b736c6173687d7d2f696e6465787b7b736c6173687d7d2f616464223a224164642041727469636c652047616c6c657279222c2261727469636c655f67616c6c6572797b7b736c6173687d7d2f696e6465787b7b736c6173687d7d2f76696577223a22566965772041727469636c652047616c6c657279222c2261727469636c655f67616c6c6572797b7b736c6173687d7d2f696e6465787b7b736c6173687d7d2f65646974223a22456469742041727469636c652047616c6c657279222c2261727469636c655f67616c6c6572797b7b736c6173687d7d2f696e6465787b7b736c6173687d7d2f64656c657465223a2244656c6574652041727469636c652047616c6c657279222c2261727469636c655f67616c6c6572797b7b736c6173687d7d2f696e6465787b7b736c6173687d7d2f6368616e6765223a224368616e67652041727469636c652047616c6c657279222c2261727469636c655f67616c6c6572797b7b736c6173687d7d2f696e6465787b7b736c6173687d7d2f6578706f7274223a224578706f72742041727469636c652047616c6c657279222c2261727469636c655f67616c6c6572797b7b736c6173687d7d2f696e6465787b7b736c6173687d7d2f7072696e74223a225072696e742041727469636c652047616c6c657279227d2c2250616765223a7b22706167657b7b736c6173687d7d2f696e646578223a225061676573222c22706167656d656e757b7b736c6173687d7d2f696e646578223a2250616765204d656e7573222c22706167657b7b736c6173687d7d2f696e6465787b7b736c6173687d7d2f616464223a224164642050616765222c22706167657b7b736c6173687d7d2f696e6465787b7b736c6173687d7d2f76696577223a22566965772050616765222c22706167657b7b736c6173687d7d2f696e6465787b7b736c6173687d7d2f65646974223a22456469742050616765222c22706167657b7b736c6173687d7d2f696e6465787b7b736c6173687d7d2f64656c657465223a2244656c6574652050616765222c22706167657b7b736c6173687d7d2f696e6465787b7b736c6173687d7d2f6368616e6765223a224368616e6765205061676520537461747573222c22706167657b7b736c6173687d7d2f696e6465787b7b736c6173687d7d2f6578706f7274223a224578706f72742050616765222c22706167657b7b736c6173687d7d2f696e6465787b7b736c6173687d7d2f7072696e74223a225072696e742050616765222c22706167655f67616c6c6572797b7b736c6173687d7d2f696e646578223a2247616c6c657279222c22706167655f67616c6c6572797b7b736c6173687d7d2f696e6465787b7b736c6173687d7d2f616464223a224164642047616c6c657279222c22706167655f67616c6c6572797b7b736c6173687d7d2f696e6465787b7b736c6173687d7d2f76696577223a22566965772047616c6c657279222c22706167655f67616c6c6572797b7b736c6173687d7d2f696e6465787b7b736c6173687d7d2f65646974223a22456469742047616c6c657279222c22706167655f67616c6c6572797b7b736c6173687d7d2f696e6465787b7b736c6173687d7d2f64656c657465223a2244656c6574652047616c6c657279222c22706167655f67616c6c6572797b7b736c6173687d7d2f696e6465787b7b736c6173687d7d2f6368616e6765223a224368616e67652047616c6c657279222c22706167655f67616c6c6572797b7b736c6173687d7d2f696e6465787b7b736c6173687d7d2f6578706f7274223a224578706f72742047616c6c657279222c22706167655f67616c6c6572797b7b736c6173687d7d2f696e6465787b7b736c6173687d7d2f7072696e74223a225072696e742047616c6c657279222c22706167655f67616c6c6572797b7b736c6173687d7d2f696e6465787b7b736c6173687d7d2f75706c6f61645f66696c65223a2255706c6f61642047616c6c657279222c22706167656d656e757b7b736c6173687d7d2f696e6465787b7b736c6173687d7d2f616464223a224164642050616765204d656e75222c22706167656d656e757b7b736c6173687d7d2f696e6465787b7b736c6173687d7d2f76696577223a22566965772050616765204d656e75222c22706167656d656e757b7b736c6173687d7d2f696e6465787b7b736c6173687d7d2f65646974223a22456469742050616765204d656e75222c22706167656d656e757b7b736c6173687d7d2f696e6465787b7b736c6173687d7d2f64656c657465223a2244656c6574652050616765204d656e75222c22706167656d656e757b7b736c6173687d7d2f696e6465787b7b736c6173687d7d2f6368616e6765223a224368616e67652050616765204d656e7520537461747573222c22706167656d656e757b7b736c6173687d7d2f696e6465787b7b736c6173687d7d2f6578706f7274223a224578706f72742050616765204d656e75222c22706167656d656e757b7b736c6173687d7d2f696e6465787b7b736c6173687d7d2f7072696e74223a225072696e742050616765204d656e75227d2c225061727469636970616e74223a7b227061727469636970616e747b7b736c6173687d7d2f696e646578223a225061727469636970616e74222c227061727469636970616e747b7b736c6173687d7d2f696e6465787b7b736c6173687d7d2f616464223a22416464205061727469636970616e7420416e73776572222c227061727469636970616e747b7b736c6173687d7d2f696e6465787b7b736c6173687d7d2f76696577223a2256696577205061727469636970616e7420416e73776572222c227061727469636970616e747b7b736c6173687d7d2f696e6465787b7b736c6173687d7d2f65646974223a2245646974205061727469636970616e7420416e73776572222c227061727469636970616e747b7b736c6173687d7d2f696e6465787b7b736c6173687d7d2f64656c657465223a2244656c657465205061727469636970616e7420416e73776572222c227061727469636970616e747b7b736c6173687d7d2f696e6465787b7b736c6173687d7d2f6368616e6765223a224368616e6765205061727469636970616e7420416e7377657220537461747573222c227061727469636970616e747b7b736c6173687d7d2f696e6465787b7b736c6173687d7d2f6578706f7274223a224578706f7274205061727469636970616e7420416e73776572222c227061727469636970616e747b7b736c6173687d7d2f696e6465787b7b736c6173687d7d2f7072696e74223a225072696e74205061727469636970616e7420416e73776572227d7d223b733a31323a22757365725f73657373696f6e223b4f3a383a22737464436c617373223a383a7b733a323a226964223b733a313a2231223b733a383a22757365726e616d65223b733a353a2261646d696e223b733a353a22656d61696c223b733a31353a2261646d696e4061646d696e2e636f6d223b733a383a2267726f75705f6964223b733a313a2231223b733a363a22737461747573223b733a313a2231223b733a31303a226c6173745f6c6f67696e223b733a31303a2231343931333730313731223b733a393a226c6f676765645f696e223b623a313b733a343a226e616d65223b733a313a2220223b7d733a383a22637572725f75726c223b733a33363a2261646d696e2d70616e656c2f706167656d656e752f696e6465782f616a61785f6c697374223b733a383a22707265765f75726c223b733a34313a2261646d696e2d70616e656c2f706167656d656e752f696e6465782f616a61785f6c6973745f696e666f223b7d),
('60db22556ed3466073be7d9395e10d3f', '::1', 'Mozilla/5.0 (Macintosh; Intel Mac OS X 10_12_4) AppleWebKit/537.36 (KHTML, like Gecko) Chrome/57.0.2987.98 Safari/537.36', 1491446356, ''),
('556a0e1ac1b5e7e95b8a07da911b237f', '127.0.0.1', 'Mozilla/5.0 (Macintosh; Intel Mac OS X 10.12; rv:52.0) Gecko/20100101 Firefox/52.0', 1491385537, ''),
('03745367ede8f1f2ddf30bd5eaa82de7', '127.0.0.1', 'Mozilla/5.0 (Macintosh; Intel Mac OS X 10.12; rv:52.0) Gecko/20100101 Firefox/52.0', 1491452264, 0x613a313a7b733a393a22757365725f64617461223b733a303a22223b7d),
('9c120f04a49d579cc4e56c127cca6b65', '::1', 'Mozilla/5.0 (Macintosh; Intel Mac OS X 10_12_4) AppleWebKit/537.36 (KHTML, like Gecko) Chrome/57.0.2987.98 Safari/537.36', 1491451036, ''),
('48ca6579128403532c7fbd0343edc1b0', '127.0.0.1', 'Mozilla/5.0 (Macintosh; Intel Mac OS X 10_12_4) AppleWebKit/537.36 (KHTML, like Gecko) Chrome/57.0.2987.98 Safari/537.36', 1491449764, ''),
('de001f084d391d04e0d3ea31c2c42742', '::1', 'Mozilla/5.0 (Macintosh; Intel Mac OS X 10.12; rv:52.0) Gecko/20100101 Firefox/52.0', 1491536677, ''),
('bca2ae72698e794028a268018d73322b', '127.0.0.1', 'Mozilla/5.0 (Macintosh; Intel Mac OS X 10.12; rv:52.0) Gecko/20100101 Firefox/52.0', 1491456679, ''),
('365679bee33dcf27bc965444e595ab47', '::1', 'Mozilla/5.0 (Macintosh; Intel Mac OS X 10_12_4) AppleWebKit/537.36 (KHTML, like Gecko) Chrome/57.0.2987.98 Safari/537.36', 1491393280, '');

CREATE TABLE IF NOT EXISTS `tbl_configurations` (
  `parameter` varchar(150) NOT NULL DEFAULT '',
  `value` varchar(150) NOT NULL DEFAULT '',
  PRIMARY KEY (`parameter`,`value`)
) ENGINE=MyISAM DEFAULT CHARSET=utf8;

INSERT INTO `tbl_configurations` (`parameter`, `value`) VALUES
('environment', '0'),
('install', '0'),
('maintenance', '0'),
('theme', '0');

CREATE TABLE IF NOT EXISTS `tbl_group_permissions` (
  `id` int(11) unsigned NOT NULL AUTO_INCREMENT,
  `permission_id` int(11) NOT NULL,
  `group_id` int(11) NOT NULL,
  `value` smallint(1) NOT NULL,
  `added` int(11) NOT NULL,
  `modified` int(11) NOT NULL,
  PRIMARY KEY (`id`),
  KEY `id` (`id`)
) ENGINE=MyISAM  DEFAULT CHARSET=utf8 AUTO_INCREMENT=297 ;

INSERT INTO `tbl_group_permissions` (`id`, `permission_id`, `group_id`, `value`, `added`, `modified`) VALUES
(1, 1, 1, 1, 1491370173, 0),
(2, 2, 1, 1, 1491370173, 0),
(3, 3, 1, 1, 1491370173, 0),
(4, 4, 1, 1, 1491370173, 0),
(5, 29, 1, 1, 1491370173, 0),
(6, 42, 1, 1, 1491370173, 0),
(7, 43, 1, 1, 1491370173, 0),
(8, 67, 1, 1, 1491370173, 0),
(9, 5, 1, 1, 1491370173, 0),
(10, 6, 1, 1, 1491370173, 0),
(11, 7, 1, 1, 1491370173, 0),
(12, 8, 1, 1, 1491370173, 0),
(13, 9, 1, 1, 1491370173, 0),
(14, 10, 1, 1, 1491370173, 0),
(15, 11, 1, 1, 1491370173, 0),
(16, 12, 1, 1, 1491370173, 0),
(17, 13, 1, 1, 1491370173, 0),
(18, 14, 1, 1, 1491370173, 0),
(19, 15, 1, 1, 1491370173, 0),
(20, 16, 1, 1, 1491370173, 0),
(21, 17, 1, 1, 1491370173, 0),
(22, 18, 1, 1, 1491370173, 0),
(23, 19, 1, 1, 1491370173, 0),
(24, 20, 1, 1, 1491370173, 0),
(25, 21, 1, 1, 1491370173, 0),
(26, 22, 1, 1, 1491370173, 0),
(27, 23, 1, 1, 1491370173, 0),
(28, 24, 1, 1, 1491370173, 0),
(29, 25, 1, 1, 1491370173, 0),
(30, 26, 1, 1, 1491370173, 0),
(31, 27, 1, 1, 1491370173, 0),
(32, 28, 1, 1, 1491370173, 0),
(33, 30, 1, 1, 1491370173, 0),
(34, 31, 1, 1, 1491370173, 0),
(35, 32, 1, 1, 1491370173, 0),
(36, 33, 1, 1, 1491370173, 0),
(37, 34, 1, 1, 1491370173, 0),
(38, 35, 1, 1, 1491370173, 0),
(39, 36, 1, 1, 1491370173, 0),
(40, 37, 1, 1, 1491370173, 0),
(41, 38, 1, 1, 1491370173, 0),
(42, 39, 1, 1, 1491370173, 0),
(43, 40, 1, 1, 1491370173, 0),
(44, 41, 1, 1, 1491370173, 0),
(45, 44, 1, 1, 1491370173, 0),
(46, 45, 1, 1, 1491370173, 0),
(47, 46, 1, 1, 1491370173, 0),
(48, 47, 1, 1, 1491370173, 0),
(49, 48, 1, 1, 1491370173, 0),
(50, 49, 1, 1, 1491370173, 0),
(51, 50, 1, 1, 1491370173, 0),
(52, 51, 1, 1, 1491370173, 0),
(53, 52, 1, 1, 1491370173, 0),
(54, 53, 1, 1, 1491370173, 0),
(55, 54, 1, 1, 1491370173, 0),
(56, 55, 1, 1, 1491370173, 0),
(57, 56, 1, 1, 1491370173, 0),
(58, 57, 1, 1, 1491370173, 0),
(59, 58, 1, 1, 1491370173, 0),
(60, 59, 1, 1, 1491370173, 0),
(61, 60, 1, 1, 1491370173, 0),
(62, 61, 1, 1, 1491370173, 0),
(63, 62, 1, 1, 1491370173, 0),
(64, 63, 1, 1, 1491370173, 0),
(65, 64, 1, 1, 1491370173, 0),
(66, 65, 1, 1, 1491370173, 0),
(67, 66, 1, 1, 1491370173, 0),
(68, 68, 1, 1, 1491370173, 0),
(69, 69, 1, 1, 1491370173, 0),
(70, 70, 1, 1, 1491370173, 0),
(71, 71, 1, 1, 1491370173, 0),
(72, 72, 1, 1, 1491370173, 0),
(73, 73, 1, 1, 1491370173, 0),
(74, 74, 1, 1, 1491370173, 0),
(75, 1, 2, 1, 1491370173, 0),
(76, 2, 2, 1, 1491370173, 0),
(77, 3, 2, 1, 1491370173, 0),
(78, 4, 2, 1, 1491370173, 0),
(79, 29, 2, 1, 1491370173, 0),
(80, 42, 2, 1, 1491370173, 0),
(81, 43, 2, 1, 1491370173, 0),
(82, 67, 2, 1, 1491370173, 0),
(83, 5, 2, 1, 1491370173, 0),
(84, 6, 2, 1, 1491370173, 0),
(85, 7, 2, 1, 1491370173, 0),
(86, 8, 2, 1, 1491370173, 0),
(87, 9, 2, 1, 1491370173, 0),
(88, 10, 2, 1, 1491370173, 0),
(89, 11, 2, 1, 1491370173, 0),
(90, 12, 2, 1, 1491370173, 0),
(91, 13, 2, 1, 1491370173, 0),
(92, 14, 2, 1, 1491370173, 0),
(93, 15, 2, 1, 1491370173, 0),
(94, 16, 2, 1, 1491370173, 0),
(95, 17, 2, 1, 1491370173, 0),
(96, 18, 2, 1, 1491370173, 0),
(97, 19, 2, 1, 1491370173, 0),
(98, 20, 2, 1, 1491370173, 0),
(99, 21, 2, 1, 1491370173, 0),
(100, 22, 2, 1, 1491370173, 0),
(101, 23, 2, 1, 1491370173, 0),
(102, 24, 2, 1, 1491370173, 0),
(103, 25, 2, 1, 1491370173, 0),
(104, 26, 2, 1, 1491370173, 0),
(105, 27, 2, 1, 1491370173, 0),
(106, 28, 2, 1, 1491370173, 0),
(107, 30, 2, 1, 1491370173, 0),
(108, 31, 2, 1, 1491370173, 0),
(109, 32, 2, 1, 1491370173, 0),
(110, 33, 2, 1, 1491370173, 0),
(111, 34, 2, 1, 1491370173, 0),
(112, 35, 2, 1, 1491370173, 0),
(113, 36, 2, 1, 1491370173, 0),
(114, 37, 2, 1, 1491370173, 0),
(115, 38, 2, 1, 1491370173, 0),
(116, 39, 2, 1, 1491370173, 0),
(117, 40, 2, 1, 1491370173, 0),
(118, 41, 2, 1, 1491370173, 0),
(119, 44, 2, 1, 1491370173, 0),
(120, 45, 2, 1, 1491370173, 0),
(121, 46, 2, 1, 1491370173, 0),
(122, 47, 2, 1, 1491370173, 0),
(123, 48, 2, 1, 1491370173, 0),
(124, 49, 2, 1, 1491370173, 0),
(125, 50, 2, 1, 1491370173, 0),
(126, 51, 2, 1, 1491370173, 0),
(127, 52, 2, 1, 1491370173, 0),
(128, 53, 2, 1, 1491370173, 0),
(129, 54, 2, 1, 1491370173, 0),
(130, 55, 2, 1, 1491370173, 0),
(131, 56, 2, 1, 1491370173, 0),
(132, 57, 2, 1, 1491370173, 0),
(133, 58, 2, 1, 1491370173, 0),
(134, 59, 2, 1, 1491370173, 0),
(135, 60, 2, 1, 1491370173, 0),
(136, 61, 2, 1, 1491370173, 0),
(137, 62, 2, 1, 1491370173, 0),
(138, 63, 2, 1, 1491370173, 0),
(139, 64, 2, 1, 1491370173, 0),
(140, 65, 2, 1, 1491370173, 0),
(141, 66, 2, 1, 1491370173, 0),
(142, 68, 2, 1, 1491370173, 0),
(143, 69, 2, 1, 1491370173, 0),
(144, 70, 2, 1, 1491370173, 0),
(145, 71, 2, 1, 1491370173, 0),
(146, 72, 2, 1, 1491370173, 0),
(147, 73, 2, 1, 1491370173, 0),
(148, 74, 2, 1, 1491370173, 0),
(149, 1, 99, 0, 1491370173, 0),
(150, 2, 99, 0, 1491370173, 0),
(151, 3, 99, 0, 1491370173, 0),
(152, 4, 99, 0, 1491370173, 0),
(153, 29, 99, 0, 1491370173, 0),
(154, 42, 99, 0, 1491370173, 0),
(155, 43, 99, 0, 1491370173, 0),
(156, 67, 99, 0, 1491370173, 0),
(157, 5, 99, 0, 1491370173, 0),
(158, 6, 99, 0, 1491370173, 0),
(159, 7, 99, 0, 1491370173, 0),
(160, 8, 99, 0, 1491370173, 0),
(161, 9, 99, 0, 1491370173, 0),
(162, 10, 99, 0, 1491370173, 0),
(163, 11, 99, 0, 1491370173, 0),
(164, 12, 99, 0, 1491370173, 0),
(165, 13, 99, 0, 1491370173, 0),
(166, 14, 99, 0, 1491370173, 0),
(167, 15, 99, 0, 1491370173, 0),
(168, 16, 99, 0, 1491370173, 0),
(169, 17, 99, 0, 1491370173, 0),
(170, 18, 99, 0, 1491370173, 0),
(171, 19, 99, 0, 1491370173, 0),
(172, 20, 99, 0, 1491370173, 0),
(173, 21, 99, 0, 1491370173, 0),
(174, 22, 99, 0, 1491370173, 0),
(175, 23, 99, 0, 1491370173, 0),
(176, 24, 99, 0, 1491370173, 0),
(177, 25, 99, 0, 1491370173, 0),
(178, 26, 99, 0, 1491370173, 0),
(179, 27, 99, 0, 1491370173, 0),
(180, 28, 99, 0, 1491370173, 0),
(181, 30, 99, 0, 1491370173, 0),
(182, 31, 99, 0, 1491370173, 0),
(183, 32, 99, 0, 1491370173, 0),
(184, 33, 99, 0, 1491370173, 0),
(185, 34, 99, 0, 1491370173, 0),
(186, 35, 99, 0, 1491370173, 0),
(187, 36, 99, 0, 1491370173, 0),
(188, 37, 99, 0, 1491370173, 0),
(189, 38, 99, 0, 1491370173, 0),
(190, 39, 99, 0, 1491370173, 0),
(191, 40, 99, 0, 1491370173, 0),
(192, 41, 99, 0, 1491370173, 0),
(193, 44, 99, 0, 1491370173, 0),
(194, 45, 99, 0, 1491370173, 0),
(195, 46, 99, 0, 1491370173, 0),
(196, 47, 99, 0, 1491370173, 0),
(197, 48, 99, 0, 1491370173, 0),
(198, 49, 99, 0, 1491370173, 0),
(199, 50, 99, 0, 1491370173, 0),
(200, 51, 99, 0, 1491370173, 0),
(201, 52, 99, 0, 1491370173, 0),
(202, 53, 99, 0, 1491370173, 0),
(203, 54, 99, 0, 1491370173, 0),
(204, 55, 99, 0, 1491370173, 0),
(205, 56, 99, 0, 1491370173, 0),
(206, 57, 99, 0, 1491370173, 0),
(207, 58, 99, 0, 1491370173, 0),
(208, 59, 99, 0, 1491370173, 0),
(209, 60, 99, 0, 1491370173, 0),
(210, 61, 99, 0, 1491370173, 0),
(211, 62, 99, 0, 1491370173, 0),
(212, 63, 99, 0, 1491370173, 0),
(213, 64, 99, 0, 1491370173, 0),
(214, 65, 99, 0, 1491370173, 0),
(215, 66, 99, 0, 1491370173, 0),
(216, 68, 99, 0, 1491370173, 0),
(217, 69, 99, 0, 1491370173, 0),
(218, 70, 99, 0, 1491370173, 0),
(219, 71, 99, 0, 1491370173, 0),
(220, 72, 99, 0, 1491370173, 0),
(221, 73, 99, 0, 1491370173, 0),
(222, 74, 99, 0, 1491370173, 0),
(223, 1, 100, 0, 1491370173, 0),
(224, 2, 100, 0, 1491370173, 0),
(225, 3, 100, 0, 1491370173, 0),
(226, 4, 100, 0, 1491370173, 0),
(227, 29, 100, 0, 1491370173, 0),
(228, 42, 100, 0, 1491370173, 0),
(229, 43, 100, 0, 1491370173, 0),
(230, 67, 100, 0, 1491370173, 0),
(231, 5, 100, 0, 1491370173, 0),
(232, 6, 100, 0, 1491370173, 0),
(233, 7, 100, 0, 1491370173, 0),
(234, 8, 100, 0, 1491370173, 0),
(235, 9, 100, 0, 1491370173, 0),
(236, 10, 100, 0, 1491370173, 0),
(237, 11, 100, 0, 1491370173, 0),
(238, 12, 100, 0, 1491370173, 0),
(239, 13, 100, 0, 1491370173, 0),
(240, 14, 100, 0, 1491370173, 0),
(241, 15, 100, 0, 1491370173, 0),
(242, 16, 100, 0, 1491370173, 0),
(243, 17, 100, 0, 1491370173, 0),
(244, 18, 100, 0, 1491370173, 0),
(245, 19, 100, 0, 1491370173, 0),
(246, 20, 100, 0, 1491370173, 0),
(247, 21, 100, 0, 1491370173, 0),
(248, 22, 100, 0, 1491370173, 0),
(249, 23, 100, 0, 1491370173, 0),
(250, 24, 100, 0, 1491370173, 0),
(251, 25, 100, 0, 1491370173, 0),
(252, 26, 100, 0, 1491370173, 0),
(253, 27, 100, 0, 1491370173, 0),
(254, 28, 100, 0, 1491370173, 0),
(255, 30, 100, 0, 1491370173, 0),
(256, 31, 100, 0, 1491370173, 0),
(257, 32, 100, 0, 1491370173, 0),
(258, 33, 100, 0, 1491370173, 0),
(259, 34, 100, 0, 1491370173, 0),
(260, 35, 100, 0, 1491370173, 0),
(261, 36, 100, 0, 1491370173, 0),
(262, 37, 100, 0, 1491370173, 0),
(263, 38, 100, 0, 1491370173, 0),
(264, 39, 100, 0, 1491370173, 0),
(265, 40, 100, 0, 1491370173, 0),
(266, 41, 100, 0, 1491370173, 0),
(267, 44, 100, 0, 1491370173, 0),
(268, 45, 100, 0, 1491370173, 0),
(269, 46, 100, 0, 1491370173, 0),
(270, 47, 100, 0, 1491370173, 0),
(271, 48, 100, 0, 1491370173, 0),
(272, 49, 100, 0, 1491370173, 0),
(273, 50, 100, 0, 1491370173, 0),
(274, 51, 100, 0, 1491370173, 0),
(275, 52, 100, 0, 1491370173, 0),
(276, 53, 100, 0, 1491370173, 0),
(277, 54, 100, 0, 1491370173, 0),
(278, 55, 100, 0, 1491370173, 0),
(279, 56, 100, 0, 1491370173, 0),
(280, 57, 100, 0, 1491370173, 0),
(281, 58, 100, 0, 1491370173, 0),
(282, 59, 100, 0, 1491370173, 0),
(283, 60, 100, 0, 1491370173, 0),
(284, 61, 100, 0, 1491370173, 0),
(285, 62, 100, 0, 1491370173, 0),
(286, 63, 100, 0, 1491370173, 0),
(287, 64, 100, 0, 1491370173, 0),
(288, 65, 100, 0, 1491370173, 0),
(289, 66, 100, 0, 1491370173, 0),
(290, 68, 100, 0, 1491370173, 0),
(291, 69, 100, 0, 1491370173, 0),
(292, 70, 100, 0, 1491370173, 0),
(293, 71, 100, 0, 1491370173, 0),
(294, 72, 100, 0, 1491370173, 0),
(295, 73, 100, 0, 1491370173, 0),
(296, 74, 100, 0, 1491370173, 0);

CREATE TABLE IF NOT EXISTS `tbl_languages` (
  `id` int(11) unsigned NOT NULL AUTO_INCREMENT,
  `name` varchar(128) DEFAULT NULL,
  `url` varchar(82) NOT NULL,
  `prefix` varchar(10) DEFAULT NULL,
  `native` varchar(48) DEFAULT NULL,
  `file_name` varchar(128) NOT NULL,
  `default` tinyint(1) NOT NULL,
  `is_system` int(1) NOT NULL DEFAULT '0',
  `status` tinyint(1) DEFAULT '0',
  `added` int(11) unsigned DEFAULT NULL,
  `modified` int(11) unsigned DEFAULT NULL,
  PRIMARY KEY (`id`),
  KEY `name` (`name`,`status`)
) ENGINE=MyISAM DEFAULT CHARSET=utf8 AUTO_INCREMENT=1 ;

CREATE TABLE IF NOT EXISTS `tbl_model_lists` (
  `id` int(11) unsigned NOT NULL AUTO_INCREMENT,
  `module_id` int(11) NOT NULL,
  `model` varchar(255) NOT NULL,
  PRIMARY KEY (`id`),
  KEY `id` (`id`)
) ENGINE=MyISAM  DEFAULT CHARSET=utf8 AUTO_INCREMENT=13 ;

INSERT INTO `tbl_model_lists` (`id`, `module_id`, `model`) VALUES
(1, 1, 'admin/Users'),
(2, 1, 'admin/UserProfiles'),
(3, 1, 'admin/UserHistories'),
(4, 1, 'admin/ModulePermissions'),
(5, 1, 'admin/UserGroupPermissions'),
(6, 1, 'admin/Languages'),
(7, 1, 'admin/Settings'),
(8, 1, 'admin/Sessions'),
(9, 6, 'article/Articles'),
(10, 8, 'page/Pages'),
(11, 8, 'page/PageMenus'),
(12, 11, 'participant/Participants');

CREATE TABLE IF NOT EXISTS `tbl_module_lists` (
  `id` int(11) unsigned NOT NULL AUTO_INCREMENT,
  `parent_id` int(11) NOT NULL,
  `module_name` varchar(255) NOT NULL,
  `module_link` varchar(255) DEFAULT NULL,
  `order` int(11) NOT NULL,
  PRIMARY KEY (`id`),
  KEY `id` (`id`)
) ENGINE=MyISAM  DEFAULT CHARSET=utf8 AUTO_INCREMENT=13 ;

INSERT INTO `tbl_module_lists` (`id`, `parent_id`, `module_name`, `module_link`, `order`) VALUES
(1, 0, 'admin', '#', 0),
(2, 1, 'Dashboard Panel', 'dashboard/index', 0),
(3, 1, 'Users', 'user/index', 1),
(4, 1, 'User Groups', 'usergroup/index', 2),
(5, 1, 'Settings', 'setting/index', 3),
(6, 0, 'article', '#', 1),
(7, 6, 'Articles', 'article/index', 0),
(8, 0, 'page', '#', 2),
(9, 8, 'Pages', 'page/index', 0),
(10, 8, 'Page Menus', 'pagemenu/index', 1),
(11, 0, 'participant', '#', 3),
(12, 11, 'Participant', 'participant/index', 0);

CREATE TABLE IF NOT EXISTS `tbl_module_permissions` (
  `id` int(11) unsigned NOT NULL AUTO_INCREMENT,
  `module_id` int(11) NOT NULL,
  `module_name` varchar(255) NOT NULL,
  `module_link` varchar(255) DEFAULT NULL,
  `order` int(11) NOT NULL,
  PRIMARY KEY (`id`),
  KEY `id` (`id`)
) ENGINE=MyISAM  DEFAULT CHARSET=utf8 AUTO_INCREMENT=75 ;

INSERT INTO `tbl_module_permissions` (`id`, `module_id`, `module_name`, `module_link`, `order`) VALUES
(1, 1, 'Dashboard Panel', 'dashboard/index', 0),
(2, 1, 'Users', 'user/index', 1),
(3, 1, 'User Groups', 'usergroup/index', 2),
(4, 1, 'Settings', 'setting/index', 3),
(5, 1, 'Add New Dashboard', 'dashboard/add', 4),
(6, 1, 'View Dashboard', 'dashboard/view', 5),
(7, 1, 'Edit Dashboard', 'dashboard/edit', 6),
(8, 1, 'Delete Dashboard', 'dashboard/delete', 7),
(9, 1, 'Change Dashboard Status', 'dashboard/change', 8),
(10, 1, 'Add User', 'user/add', 9),
(11, 1, 'View User', 'user/view', 10),
(12, 1, 'Edit User', 'user/edit', 11),
(13, 1, 'Delete User', 'user/delete', 12),
(14, 1, 'Change User Status', 'user/change', 13),
(15, 1, 'Change User Image', 'user/image', 14),
(16, 1, 'Upload User Image', 'user/upload', 15),
(17, 1, 'Export User Data', 'user/export', 16),
(18, 1, 'Add User Group', 'usergroup/add', 17),
(19, 1, 'View User Group', 'usergroup/view', 18),
(20, 1, 'Edit User Group', 'usergroup/edit', 19),
(21, 1, 'Delete User Group', 'usergroup/delete', 20),
(22, 1, 'Change User Group Status', 'usergroup/change', 21),
(23, 1, 'Export User Group Data', 'usergroup/export', 22),
(24, 1, 'Add Setting', 'setting/add', 23),
(25, 1, 'View Setting', 'setting/view', 24),
(26, 1, 'Edit Setting', 'setting/edit', 25),
(27, 1, 'Delete Setting', 'setting/delete', 26),
(28, 1, 'Change Setting Status', 'setting/change', 27),
(29, 6, 'Articles', 'article/index', 0),
(30, 6, 'Add Article', 'article/index/add', 1),
(31, 6, 'Read Article', 'article/index/read', 2),
(32, 6, 'Edit Article', 'article/index/edit', 3),
(33, 6, 'Delete Article', 'article/index/delete', 4),
(34, 6, 'Article Gallery', 'article_gallery/index', 5),
(35, 6, 'Add Article Gallery', 'article_gallery/index/add', 6),
(36, 6, 'View Article Gallery', 'article_gallery/index/view', 7),
(37, 6, 'Edit Article Gallery', 'article_gallery/index/edit', 8),
(38, 6, 'Delete Article Gallery', 'article_gallery/index/delete', 9),
(39, 6, 'Change Article Gallery', 'article_gallery/index/change', 10),
(40, 6, 'Export Article Gallery', 'article_gallery/index/export', 11),
(41, 6, 'Print Article Gallery', 'article_gallery/index/print', 12),
(42, 8, 'Pages', 'page/index', 0),
(43, 8, 'Page Menus', 'pagemenu/index', 1),
(44, 8, 'Add Page', 'page/index/add', 2),
(45, 8, 'View Page', 'page/index/view', 3),
(46, 8, 'Edit Page', 'page/index/edit', 4),
(47, 8, 'Delete Page', 'page/index/delete', 5),
(48, 8, 'Change Page Status', 'page/index/change', 6),
(49, 8, 'Export Page', 'page/index/export', 7),
(50, 8, 'Print Page', 'page/index/print', 8),
(51, 8, 'Gallery', 'page_gallery/index', 9),
(52, 8, 'Add Gallery', 'page_gallery/index/add', 10),
(53, 8, 'View Gallery', 'page_gallery/index/view', 11),
(54, 8, 'Edit Gallery', 'page_gallery/index/edit', 12),
(55, 8, 'Delete Gallery', 'page_gallery/index/delete', 13),
(56, 8, 'Change Gallery', 'page_gallery/index/change', 14),
(57, 8, 'Export Gallery', 'page_gallery/index/export', 15),
(58, 8, 'Print Gallery', 'page_gallery/index/print', 16),
(59, 8, 'Upload Gallery', 'page_gallery/index/upload_file', 17),
(60, 8, 'Add Page Menu', 'pagemenu/index/add', 18),
(61, 8, 'View Page Menu', 'pagemenu/index/view', 19),
(62, 8, 'Edit Page Menu', 'pagemenu/index/edit', 20),
(63, 8, 'Delete Page Menu', 'pagemenu/index/delete', 21),
(64, 8, 'Change Page Menu Status', 'pagemenu/index/change', 22),
(65, 8, 'Export Page Menu', 'pagemenu/index/export', 23),
(66, 8, 'Print Page Menu', 'pagemenu/index/print', 24),
(67, 11, 'Participant', 'participant/index', 0),
(68, 11, 'Add Participant Answer', 'participant/index/add', 1),
(69, 11, 'View Participant Answer', 'participant/index/view', 2),
(70, 11, 'Edit Participant Answer', 'participant/index/edit', 3),
(71, 11, 'Delete Participant Answer', 'participant/index/delete', 4),
(72, 11, 'Change Participant Answer Status', 'participant/index/change', 5),
(73, 11, 'Export Participant Answer', 'participant/index/export', 6),
(74, 11, 'Print Participant Answer', 'participant/index/print', 7);

CREATE TABLE IF NOT EXISTS `tbl_pages` (
  `id` int(11) unsigned NOT NULL AUTO_INCREMENT,
  `menu_id` int(11) unsigned DEFAULT NULL,
  `name` varchar(255) DEFAULT NULL,
  `subject` varchar(255) DEFAULT NULL,
  `synopsis` text,
  `text` text,
  `url` varchar(255) DEFAULT NULL,
  `attribute` text,
  `publish_date` date DEFAULT NULL,
  `unpublish_date` date DEFAULT NULL,
  `allow_comment` tinyint(1) DEFAULT NULL,
  `tags` text,
  `order` tinyint(3) DEFAULT NULL,
  `user_id` tinyint(3) DEFAULT NULL,
  `count` int(11) DEFAULT NULL,
  `status` enum('publish','unpublish','deleted') DEFAULT 'publish',
  `added` int(11) DEFAULT NULL,
  `modified` int(11) DEFAULT NULL,
  PRIMARY KEY (`id`),
  KEY `menu_id` (`menu_id`,`name`,`publish_date`,`unpublish_date`,`allow_comment`,`order`)
) ENGINE=MyISAM  DEFAULT CHARSET=utf8 AUTO_INCREMENT=2 ;

INSERT INTO `tbl_pages` (`id`, `menu_id`, `name`, `subject`, `synopsis`, `text`, `url`, `attribute`, `publish_date`, `unpublish_date`, `allow_comment`, `tags`, `order`, `user_id`, `count`, `status`, `added`, `modified`) VALUES
(1, 1, NULL, 'Syarat & Ketentuan', NULL, '<p>\n	PENDAHULUAN</p>\n<p>\n	Dalam rangka peluncuran Suzuki New SX4 S-Cross, Suzuki Indonesia mengadakan kompetisi berupa kuis dengan hadiah gadget dan dan paket hiburan senilai 50 Juta untuk dua orang yang akan diundi di akhir periode.</p>\n<p>\n	&nbsp;&nbsp;&nbsp;&nbsp;&nbsp;&nbsp;&nbsp;&nbsp;&nbsp;&nbsp;&nbsp;&nbsp;&nbsp;&nbsp;&nbsp;&nbsp;&nbsp;&nbsp;&nbsp;&nbsp;&nbsp;&nbsp;&nbsp;&nbsp;&nbsp;&nbsp;&nbsp;&nbsp;&nbsp;&nbsp;&nbsp;&nbsp;&nbsp;&nbsp;&nbsp;&nbsp;&nbsp;&nbsp;&nbsp;&nbsp;&nbsp;&nbsp;&nbsp;&nbsp;&nbsp;&nbsp;&nbsp;&nbsp;&nbsp;&nbsp;&nbsp;&nbsp;&nbsp;&nbsp;&nbsp;&nbsp;&nbsp;&nbsp;&nbsp;&nbsp;&nbsp;&nbsp;&nbsp;&nbsp;&nbsp;&nbsp;&nbsp;&nbsp;&nbsp;&nbsp;&nbsp;&nbsp;&nbsp;&nbsp;&nbsp;&nbsp;&nbsp;&nbsp;&nbsp;&nbsp;&nbsp;&nbsp;&nbsp;&nbsp;&nbsp;&nbsp;&nbsp;&nbsp;&nbsp;&nbsp;&nbsp;&nbsp;&nbsp;&nbsp;&nbsp;&nbsp;&nbsp;&nbsp;&nbsp;&nbsp;&nbsp;&nbsp;&nbsp;&nbsp;&nbsp;&nbsp;&nbsp;&nbsp;&nbsp;&nbsp;&nbsp;&nbsp;&nbsp;&nbsp;&nbsp;&nbsp;&nbsp;&nbsp;&nbsp;&nbsp;&nbsp;&nbsp;&nbsp;&nbsp;&nbsp;&nbsp;&nbsp;&nbsp;&nbsp;&nbsp;&nbsp;&nbsp;&nbsp;&nbsp;&nbsp;&nbsp;&nbsp;&nbsp;&nbsp;&nbsp;&nbsp;&nbsp;&nbsp;&nbsp;&nbsp;&nbsp;&nbsp;&nbsp;&nbsp;&nbsp;&nbsp;&nbsp;&nbsp;&nbsp;&nbsp;&nbsp;&nbsp;&nbsp;&nbsp;&nbsp;&nbsp;&nbsp;&nbsp;&nbsp;&nbsp;&nbsp;&nbsp;&nbsp;&nbsp;&nbsp;&nbsp;&nbsp;&nbsp;&nbsp;&nbsp;&nbsp;&nbsp;&nbsp;&nbsp;&nbsp;&nbsp;&nbsp;&nbsp;&nbsp;&nbsp;&nbsp;&nbsp;&nbsp;&nbsp;&nbsp;&nbsp;&nbsp;&nbsp;&nbsp;&nbsp;&nbsp;&nbsp;&nbsp;&nbsp;&nbsp;&nbsp;&nbsp;&nbsp;&nbsp;&nbsp;&nbsp;&nbsp;&nbsp;&nbsp;&nbsp;&nbsp;&nbsp;&nbsp;</p>\n<p>\n	PERIODE KEGIATAN</p>\n<p>\n	11 Agustus 2016 &ndash; 15 September 2016</p>\n<p>\n	&nbsp;</p>\n<p>\n	PERSYARATAN PESERTA</p>\n<p>\n	Kegiatan ini terbuka untuk Warga Negara Indonesia, laki-laki atau perempuan, dan memiliki kondisi rohani dan jasmani yang sehat, namun tertutup untuk karyawan, keluarga, agensi atau pihak ketiga lainnya dari Penyelenggara</p>\n<p>\n	&nbsp;</p>\n<p>\n	MEKANISME</p>\n<ol>\n	<li>\n		Baca Jacket ad 4 halaman Suzuki New SX4 S-Cross pada Harian Kompas tanggal 11-Agustus-2016.</li>\n	<li>\n		Buka halaman <a href="http://www.suzuki.co.id/geartoexplore">www.suzuki.co.id/geartoexplore</a>.</li>\n	<li>\n		Pilih &ldquo;Ikuti kuisnya&rdquo;</li>\n	<li>\n		Jawab seluruh pertanyaan yang tersedia.</li>\n	<li>\n		Isi formulir yang disediakan.</li>\n	<li>\n		Share melalui facebook atau twitter.</li>\n	<li>\n		Satu user hanya berhak mengikuti kuis satu kali.</li>\n	<li>\n		Pemenang akan dihubungi oleh pihak Suzuki Indonesia.</li>\n	<li>\n		Apabila dalam kurun waktu 30 hari setelah pemenang dihubungi pihak Suzuki, pemenang tidak mengambil hadiah, maka pemberian hadiah akan dianggap gugur.</li>\n</ol>\n<p>\n	&nbsp;</p>\n<p>\n	PEMILIHAN PEMENANG</p>\n<p>\n	Pemilihan pemenang akan dilakukan dengan sistem pengundian. Pengundian akan dilakukan oleh pihak Suzuki Indonesia, setiap minggu akan dilakukan pengundian untuk hadiah mingguan dan pada akhir periode akan dilakukan pengundian untuk Hadiah Utama. Keputusan yang diambil pihak Suzuki Indonesia bersifat final dan tidak dapat diganggu gugat.</p>\n<p>\n	&nbsp;</p>\n<p>\n	HADIAH</p>\n<p>\n	Hadiah Mingguan</p>\n<ol>\n	<li>\n		5 Smartphone</li>\n	<li>\n		20 Powerbank</li>\n</ol>\n<p>\n	Hadiah Utama</p>\n<p>\n	Paket liburan untuk keluarga (Keluarga terdiri dari 2 orang dewasa dan 2 anak) dengan total nilai 50 juta rupiah.<br />\n	&nbsp;</p>\n<p>\n	VERIFIKASI</p>\n<ol>\n	<li>\n		Jika Pemenang tidak melengkapi data dan/atau tidak dapat dihubungi pihak Suzuki Indonesia dalam waktu 14x24 jam setelah tanggal pengumuman pemenang, maka pemberian hadiah akan dianggap gugur.</li>\n	<li>\n		Peserta dengan ini membebaskan Penyelenggara dari klaim dan atau tuntunan penyerahan hadiah di masa mendatang.</li>\n</ol>\n<p>\n	&nbsp;</p>\n<p>\n	KETENTUAN LAINNYA</p>\n<ol>\n	<li>\n		Pihak Penyelenggara berhak mendiskualifikasi Peserta dan/atau Pemenang yang diduga melakukan kecurangan dalam bentuk apapun.</li>\n	<li>\n		Penyelenggara tidak bertanggung jawab atas gangguan sinyal dan aplikasi yang rusak atau tertunda yang disebabkan karena kegagalan atau kerusakan sistem jaringan provider terkait</li>\n	<li>\n		Kegiatan ini tidak berlaku bagi karyawan beserta keluarganya dari PT. SUZUKI INDOMOBIL MOTOR dan PT. SUZUKI INDOMOBIL SALES (Suzuki Indonesia), dan pihak-pihak yang turut terlibat dalam menyelenggarakan promo ini</li>\n	<li>\n		Pihak Penyelenggara berhak untuk mengubah dan/atau memodifikasi syarat dan ketentuan kegiatan dari waktu ke waktu dengan atau tanpa pemberitahuan terlebih dahulu</li>\n	<li>\n		Setiap materi yang diikutsertakan dan dikirimkan dalam kegiatan ini menjadi hak milik Suzuki Indonesia, dan Suzuki Indonesia berhak untuk mempergunakannya sesuai dengan kepentingan Suzuki Indonesia.</li>\n	<li>\n		Jika karena alasan apapun pemberian hadiah tidak dapat berjalan sesuai rencana, Penyelenggara memiliki hak untuk memodifikasi ketentuan pemberian hadiah yang senilai dengan hadiah yang telah dijanjikan</li>\n	<li>\n		Promo ini tidak dipungut biaya apapun. Pajak ditanggung oleh Pihak Penyelenggara. Hati-hati terhadap penipuan yang mengatas namakan PT. SUZUKI INDOMOBIL MOTOR dan PT. SUZUKI INDOMOBIL SALES (Suzuki Indonesia).</li>\n	<li>\n		Dengan mengikuti kegiatan ini, Peserta memberikan ijin kepada Penyelenggara dan/atau Panitia untuk menggunakan nama, foto dan/atau kemiripannya, untuk ditayangkan, tujuan pemasaran, dan iklan tanpa kewajiban memberikan kompensasi dalam bentuk apapun kepada Peserta (selain yang sudah ditentukan), baik untuk penggunaan secara terbatas sehubungan dengan promosi atau untuk kepentingan apapun di media cetak maupun elektronik, termasuk internet tanpa batasan waktu</li>\n	<li>\n		Penyelenggara tidak bertanggungjawab atas aplikasi yang hilang, rusak atau tertunda sebagai akibat dari kerusakan, kegagalan dan kejadian serupa lainnya yang terjadi pada jaringan, perangkat keras komputer, atau perangkat lunak komputer</li>\n	<li>\n		Penyelenggara berhak untuk mendiskualifikasi Peserta yang tidak memenuhi syarat dan ketentuan yang berlaku</li>\n</ol>\n<p>\n	Untuk keterangan lebih lanjut, silakan hubungi Halo Suzuki di nomor:0-800-1100-800 (bebas pulsa).<br />\n	<br />\n	&nbsp;</p>\n', 'terms-and-conditions', NULL, '2016-08-02', '2016-08-31', NULL, NULL, NULL, NULL, NULL, 'publish', 1470717681, 1470826037);

CREATE TABLE IF NOT EXISTS `tbl_page_menus` (
  `id` int(11) unsigned NOT NULL AUTO_INCREMENT,
  `parent_id` int(11) unsigned DEFAULT NULL,
  `subject` varchar(128) DEFAULT NULL,
  `title` varchar(255) DEFAULT NULL,
  `synopsis` text,
  `description` text,
  `url` varchar(255) DEFAULT NULL,
  `media` varchar(255) DEFAULT NULL,
  `position` varchar(255) DEFAULT NULL,
  `sub_level` tinyint(3) DEFAULT NULL,
  `order` tinyint(3) DEFAULT NULL,
  `is_system` tinyint(3) DEFAULT NULL,
  `has_child` tinyint(3) DEFAULT NULL,
  `user_id` tinyint(3) DEFAULT NULL,
  `count` int(11) DEFAULT NULL,
  `status` enum('publish','unpublish','deleted') DEFAULT 'publish',
  `added` int(11) DEFAULT NULL,
  `modified` int(11) DEFAULT NULL,
  PRIMARY KEY (`id`),
  KEY `parent_id` (`parent_id`,`subject`,`sub_level`,`order`,`status`)
) ENGINE=MyISAM  DEFAULT CHARSET=utf8 AUTO_INCREMENT=4 ;

INSERT INTO `tbl_page_menus` (`id`, `parent_id`, `subject`, `title`, `synopsis`, `description`, `url`, `media`, `position`, `sub_level`, `order`, `is_system`, `has_child`, `user_id`, `count`, `status`, `added`, `modified`) VALUES
(1, NULL, 'Home', NULL, '<p>\n	Synopsis</p>\n', '<p>\n	Description</p>\n', 'home', NULL, NULL, NULL, NULL, NULL, NULL, NULL, NULL, 'publish', 1470715144, 1470715909),
(3, NULL, 'Articles', NULL, '<p>\n	Synopsis</p>\n', '<p>\n	Description</p>\n', 'articles', NULL, NULL, NULL, NULL, NULL, NULL, NULL, NULL, 'publish', 1470715181, 1470717377);

CREATE TABLE IF NOT EXISTS `tbl_participants` (
  `id` int(11) unsigned NOT NULL AUTO_INCREMENT,
  `identifier_id` varchar(64) DEFAULT NULL,
  `identity` varchar(32) DEFAULT NULL,
  `profile_url` varchar(255) DEFAULT NULL,
  `photo_url` varchar(512) DEFAULT NULL,
  `email` varchar(72) DEFAULT NULL,
  `website` varchar(72) DEFAULT NULL,
  `password` varchar(100) DEFAULT NULL,
  `username` varchar(255) DEFAULT NULL,
  `name` varchar(255) DEFAULT NULL,
  `gender` varchar(12) DEFAULT NULL,
  `age` tinyint(2) DEFAULT NULL,
  `nationality_id` int(11) DEFAULT NULL,
  `research_area` varchar(255) DEFAULT NULL,
  `occupation` varchar(64) DEFAULT NULL,
  `about` text,
  `address` varchar(512) DEFAULT NULL,
  `region` varchar(64) DEFAULT NULL,
  `phone_number` varchar(32) DEFAULT NULL,
  `phone_home` varchar(32) DEFAULT NULL,
  `id_number` varchar(32) DEFAULT NULL,
  `file_name` varchar(512) DEFAULT NULL,
  `verify` varchar(8) DEFAULT NULL,
  `completed` tinyint(1) DEFAULT NULL,
  `logged_in` tinyint(1) NOT NULL DEFAULT '0',
  `last_login` int(11) DEFAULT NULL,
  `session_id` varchar(40) DEFAULT NULL,
  `status` tinyint(1) NOT NULL DEFAULT '0',
  `join_date` timestamp NOT NULL DEFAULT CURRENT_TIMESTAMP ON UPDATE CURRENT_TIMESTAMP,
  `modified` int(11) DEFAULT NULL,
  PRIMARY KEY (`id`),
  KEY `name` (`name`)
) ENGINE=MyISAM  DEFAULT CHARSET=utf8 AUTO_INCREMENT=4 ;

INSERT INTO `tbl_participants` (`id`, `identifier_id`, `identity`, `profile_url`, `photo_url`, `email`, `website`, `password`, `username`, `name`, `gender`, `age`, `nationality_id`, `research_area`, `occupation`, `about`, `address`, `region`, `phone_number`, `phone_home`, `id_number`, `file_name`, `verify`, `completed`, `logged_in`, `last_login`, `session_id`, `status`, `join_date`, `modified`) VALUES
(1, '101905163943989356331', 'Google', 'https://plus.google.com/+DefrianYarfi', 'https://lh4.googleusercontent.com/-9AqNAwuYTAE/AAAAAAAAAAI/AAAAAAAAAnA/8uQzg2YMj6A/photo.jpg?sz=200', 'defrian.yarfi@gmail.com', '', NULL, NULL, 'Defrian Yarfi', 'male', 0, NULL, NULL, NULL, '', 'Jakarta', '', NULL, NULL, NULL, NULL, NULL, NULL, 0, 1491386114, NULL, 0, '2017-04-05 09:55:14', NULL),
(2, NULL, NULL, NULL, NULL, 'dyarfi20@gmail.com', NULL, NULL, NULL, 'Mr Lorem Ipsum', NULL, NULL, NULL, NULL, NULL, NULL, 'Jln. Lorem Ipsum Dolor Sit Amet, Consecteteur', NULL, '087080808080', '021808080800', '112314141241', NULL, 'HOOKW-0Z', 1, 0, NULL, NULL, 1, '2017-04-06 08:42:51', NULL),
(3, NULL, NULL, NULL, NULL, 'dyarfi20@gmail.com', NULL, NULL, NULL, 'Mr Lorem Ipsum', NULL, NULL, NULL, NULL, NULL, NULL, 'Jln. Lorem Ipsum Dolor Sit Amet, Consecteteur', NULL, '087080808080', '021808080800', '112314141241', NULL, 'HOOKW-UU', 1, 0, NULL, NULL, 1, '2017-04-06 08:43:21', NULL);

CREATE TABLE IF NOT EXISTS `tbl_settings` (
  `id` int(11) unsigned NOT NULL AUTO_INCREMENT,
  `parameter` varchar(255) DEFAULT NULL,
  `alias` varchar(255) DEFAULT NULL,
  `group` varchar(64) DEFAULT NULL,
  `key` varchar(64) DEFAULT NULL,
  `value` varchar(1024) DEFAULT NULL,
  `is_system` tinyint(1) DEFAULT '1',
  `input_type` enum('input','textarea','radio','dropdown','timezones') DEFAULT NULL,
  `input_size` enum('large','medium','small') DEFAULT NULL,
  `show_editor` enum('0','1') DEFAULT NULL,
  `is_numeric` enum('0','1') DEFAULT NULL,
  `help_text` varchar(512) DEFAULT NULL,
  `status` tinyint(1) DEFAULT '1',
  `added` int(11) DEFAULT NULL,
  `modified` int(11) DEFAULT NULL,
  PRIMARY KEY (`id`),
  KEY `name` (`parameter`,`status`)
) ENGINE=MyISAM  DEFAULT CHARSET=utf8 AUTO_INCREMENT=28 ;

INSERT INTO `tbl_settings` (`id`, `parameter`, `alias`, `group`, `key`, `value`, `is_system`, `input_type`, `input_size`, `show_editor`, `is_numeric`, `help_text`, `status`, `added`, `modified`) VALUES
(1, 'email_marketing', 'Email Marketing', '', '', 'marketing@', 1, NULL, NULL, NULL, NULL, NULL, 1, 1334835773, NULL),
(2, 'email_administrator', 'Email Administrator', '', '', 'administrator@', 1, NULL, NULL, NULL, NULL, NULL, 1, 1334835773, 1336122482),
(3, 'email_hrd', 'Email HRD', '', '', 'hrd@', 1, NULL, NULL, NULL, NULL, NULL, 1, 1334835773, NULL),
(4, 'email_info', 'Email Info', '', '', 'info@', 1, NULL, NULL, NULL, NULL, NULL, 1, 1334835773, NULL),
(5, 'email_template', 'Email Template', '', '', '&dash;', 1, NULL, NULL, NULL, NULL, NULL, 1, 1334835773, NULL),
(6, 'maintenance_template', 'Maintenance Mode Template', '', '', '<h2>The site is off for <span><h1>MAINTENANCE</h1></span></h2>', 1, NULL, NULL, NULL, NULL, NULL, 1, 1334835773, NULL),
(7, 'contactus_address', 'Contact Address', '', '', '&dash;', 1, NULL, NULL, NULL, NULL, NULL, 1, 1334835773, NULL),
(8, 'contactus_gmap', 'GMaps Location', '', '', 'http://maps.google.com/maps?q=-6.217668,106.812992&num=1&t=m&z=18', 1, NULL, NULL, NULL, NULL, NULL, 1, 1334835773, NULL),
(9, 'no_phone', 'Number Phone', '', '', '(021) 522.3715', 1, NULL, NULL, NULL, NULL, NULL, 1, 1334835773, NULL),
(10, 'no_fax', 'Number Fax', '', '', '(021) 522.3718', 1, NULL, NULL, NULL, NULL, NULL, 1, 1334835773, NULL),
(11, 'title_default', 'Website Title Default', '', '', 'Way of life!', 1, NULL, NULL, NULL, NULL, 'Default Website Title', 1, NULL, 1470656604),
(12, 'title_name', 'Company Title Name', '', '', 'Suzuki', 1, NULL, NULL, NULL, NULL, 'Title of the website', 1, NULL, 1470656591),
(13, 'site_logo', 'Site Logo', '', '', 'logo.png', 1, NULL, NULL, NULL, NULL, NULL, 1, NULL, 1336118568),
(14, 'language', 'Default Site Language', '', '', 'en', 1, NULL, NULL, NULL, NULL, NULL, 1, NULL, 1336118568),
(15, 'counter', 'Site Counter', '', '', '123', 1, NULL, NULL, NULL, NULL, NULL, 1, NULL, 1336118568),
(16, 'copyright', 'Copyright', '', '', '© 2012 COMPANY NAME COPYRIGHT. All Rights Reserved.', 1, NULL, NULL, NULL, NULL, NULL, 1, NULL, 1336118568),
(17, 'site_name', 'Site Name', '', '', ' Default <br/> PT. Default (Web Agency in Jakarta).', 1, NULL, NULL, NULL, NULL, NULL, 1, NULL, 1336118568),
(18, 'site_quote', 'Quote', '', '', 'We provide solution for your Websites', 1, NULL, NULL, NULL, NULL, NULL, 1, NULL, 1336118568),
(19, 'site_description', 'Website Description', '', '', 'We provide solution for your Company Website ', 1, NULL, NULL, NULL, NULL, NULL, 1, NULL, 1336118568),
(20, 'socmed_facebook', 'Facebook', '', '', 'http://facebook.com', 1, NULL, NULL, NULL, NULL, NULL, 1, NULL, 1336118568),
(21, 'socmed_twitter', 'Twitter', '', '', 'http://twitter.com', 1, NULL, NULL, NULL, NULL, NULL, 1, NULL, 1336118568),
(22, 'socmed_gplus', 'Google Plus', '', '', 'http://plus.google.com', 1, NULL, NULL, NULL, NULL, NULL, 1, NULL, 1336118568),
(23, 'socmed_linkedin', 'LinkedIn', '', '', 'http://linkedin.com', 1, NULL, NULL, NULL, NULL, NULL, 1, NULL, 1336118568),
(24, 'socmed_pinterest', 'Pinterest', '', '', 'http://pinterest.com', 1, NULL, NULL, NULL, NULL, NULL, 1, NULL, 1336118568),
(25, 'registered_mark', 'Registered', '', '', 'We provide solution for your Websites', 1, NULL, NULL, NULL, NULL, NULL, 1, NULL, 1336118568),
(26, 'google_analytics', 'Analytics', '', '', 'Code Snippet', 1, NULL, NULL, NULL, NULL, NULL, 1, NULL, 1336118568),
(27, 'ext_link', 'Ext Link', '', '', 'http://www.apb-career.net', 1, NULL, NULL, NULL, NULL, NULL, 1, NULL, 1336118568);

CREATE TABLE IF NOT EXISTS `tbl_users` (
  `id` int(11) unsigned NOT NULL AUTO_INCREMENT,
  `email` varchar(255) NOT NULL,
  `password` varchar(100) NOT NULL,
  `username` varchar(160) NOT NULL,
  `group_id` int(11) unsigned NOT NULL,
  `is_system` tinyint(3) NOT NULL DEFAULT '0',
  `last_login` int(11) unsigned NOT NULL,
  `logged_in` int(1) unsigned NOT NULL,
  `session_id` varchar(40) NOT NULL,
  `verify` varchar(8) DEFAULT NULL,
  `status` int(1) unsigned NOT NULL,
  `added` int(11) unsigned NOT NULL,
  `modified` int(11) unsigned NOT NULL,
  PRIMARY KEY (`id`),
  KEY `email` (`email`,`group_id`)
) ENGINE=MyISAM  DEFAULT CHARSET=utf8 AUTO_INCREMENT=9 ;

INSERT INTO `tbl_users` (`id`, `email`, `password`, `username`, `group_id`, `is_system`, `last_login`, `logged_in`, `session_id`, `verify`, `status`, `added`, `modified`) VALUES
(1, 'admin@admin.com', 'a03c997e5e5643a11d77287d82856b9f83bd8fe4', 'admin', 1, 1, 1491370171, 1, '4fcdecc8144122ea55ef9c221a944ccd', 'Q12C', 1, 1470111360, 0),
(2, 'administrator', '12506e739378348ec662bb015bfd2288362dcc1c', 'Administrator', 2, 1, 0, 1470111360, '', 'Q12C', 1, 1470111360, 0),
(3, 'user@testing.com', '12506e739378348ec662bb015bfd2288362dcc1c', 'User', 99, 0, 0, 1470111360, '', 'Q12C', 1, 1470111360, 0),
(4, 'employee@employee.com', '12506e739378348ec662bb015bfd2288362dcc1c', 'Employee Staff', 100, 0, 0, 1470111360, '', 'Q12C', 1, 1470111360, 0);

CREATE TABLE IF NOT EXISTS `tbl_user_groups` (
  `id` int(11) unsigned NOT NULL AUTO_INCREMENT,
  `name` varchar(32) NOT NULL,
  `backend_access` tinyint(1) DEFAULT NULL,
  `full_backend_access` tinyint(1) DEFAULT NULL,
  `status` tinyint(1) NOT NULL,
  `is_system` tinyint(1) NOT NULL DEFAULT '0',
  `added` int(11) unsigned NOT NULL,
  `modified` int(11) unsigned NOT NULL,
  PRIMARY KEY (`id`),
  KEY `name` (`name`)
) ENGINE=MyISAM  DEFAULT CHARSET=utf8 AUTO_INCREMENT=101 ;

INSERT INTO `tbl_user_groups` (`id`, `name`, `backend_access`, `full_backend_access`, `status`, `is_system`, `added`, `modified`) VALUES
(1, 'Super Administrator', 1, 1, 1, 1, 1470111360, 0),
(2, 'Administrator', 1, 0, 1, 1, 1470111360, 0),
(99, 'User', 0, 0, 1, 1, 1470111360, 0),
(100, 'Employee', 0, 0, 1, 1, 1470111360, 0);

CREATE TABLE IF NOT EXISTS `tbl_user_histories` (
  `id` int(11) unsigned NOT NULL AUTO_INCREMENT,
  `module` varchar(24) NOT NULL,
  `user_id` int(11) unsigned NOT NULL,
  `controller` varchar(160) NOT NULL,
  `action` char(20) DEFAULT NULL,
  `time` int(11) unsigned NOT NULL,
  PRIMARY KEY (`id`),
  KEY `id` (`id`,`module`,`user_id`)
) ENGINE=MyISAM  DEFAULT CHARSET=utf8 AUTO_INCREMENT=3 ;

INSERT INTO `tbl_user_histories` (`id`, `module`, `user_id`, `controller`, `action`, `time`) VALUES
(1, 'user', 1, 'history', 'index', 1470111361),
(2, 'user', 1, 'history', 'index', 1470111361);

CREATE TABLE IF NOT EXISTS `tbl_user_profiles` (
  `user_id` int(11) unsigned NOT NULL,
  `gender` enum('male','female') NOT NULL DEFAULT 'male',
  `about` text,
  `first_name` varchar(64) DEFAULT NULL,
  `last_name` varchar(64) DEFAULT NULL,
  `division` varchar(64) DEFAULT NULL,
  `country` varchar(64) DEFAULT NULL,
  `state` varchar(64) DEFAULT NULL,
  `city` varchar(128) DEFAULT NULL,
  `address` text,
  `postal_code` varchar(8) DEFAULT NULL,
  `birthday` date DEFAULT NULL,
  `phone` varchar(16) DEFAULT NULL,
  `mobile_phone` varchar(16) DEFAULT NULL,
  `fax` varchar(16) DEFAULT NULL,
  `website` varchar(255) DEFAULT NULL,
  `file_type` varchar(64) DEFAULT NULL,
  `file_name` varchar(48) DEFAULT NULL,
  `status` int(1) unsigned NOT NULL,
  `added` int(11) unsigned NOT NULL,
  `modified` int(11) unsigned NOT NULL,
  KEY `user_id` (`user_id`,`phone`)
) ENGINE=MyISAM DEFAULT CHARSET=utf8;

INSERT INTO `tbl_user_profiles` (`user_id`, `gender`, `about`, `first_name`, `last_name`, `division`, `country`, `state`, `city`, `address`, `postal_code`, `birthday`, `phone`, `mobile_phone`, `fax`, `website`, `file_type`, `file_name`, `status`, `added`, `modified`) VALUES
(1, 'male', 'Superadmin of this Website', '', '', 'Web Programmer', 'DKI Jakarta', 'Jakarta', 'Jl. Gading Putih 1 F2 No. 4', '14240', '', '2010-09-06', '1234', '', '0', '-', 'image/jpeg', '78d57b4b5a0c6048b75bb0c9d91a8392.jpg', 1, 1283760138, 1283831030),
(2, 'male', 'Administrator of this Website', '', '', 'Web Designer', 'DKI Jakarta', 'Jakarta', 'Jl. Gading Putih 1 F2 No. 4', '14240', '', '2010-09-06', '1234', '', '0', '-', 'image/jpeg', '78d57b4b5a0c6048b75bb0c9d91a8392.jpg', 1, 1283760138, 1283831030),
(3, 'male', 'User of this Website', '', '', 'Jakarta', '', '', 'Jl. Pulomas Barat 1 No. 31', '', '', '0000-00-00', '1234', '', '', '', 'image/jpeg', 'a8a484572c007e1e17648ae2c7ad629c.jpg', 1, 1285152397, 0),
(4, 'male', '', '', 'Jakarta', '', '', '', 'Jl. Pulomas Barat 1 No. 31', '', '', '0000-00-00', '081807244697', '', '', '', 'image/jpeg', 'eb068fc7204f01f8cd25375b42fc6953.jpg', 1, 1285152397, 1326110970),
(5, 'male', '', '', 'mimipopo', '', '', '', 'Jl. Pulomas Barat 1 No. 31', '', '', '0000-00-00', '081807244697', '', '', '', 'image/jpeg', 'eb068fc7204f01f8cd25375b42fc6953.jpg', 1, 1285152397, 1326110970),
(111, 'male', '', 'Web Developer', '', '', '', '', '', '', '', '0000-00-00', '', '', '', '', '', '', 1, 1333442128, 1333442192),
(110, 'male', '', 'Web Developer', '', '', '', '', '', '', '', '0000-00-00', '', '', '', '', '', '', 1, 1333441986, 1333442058),
(1, 'male', 'Top Administrator of this website and portal', 'Administrator', 'Website', 'Web Programmer', 'DKI Jakarta', 'Jakarta', 'Jl. Gading Putih 1 F2 No. 4', '14240', '', '2010-09-06', '1234', '081807244697', '0', 'http://google.com', 'image/jpeg', '03.jpg', 1, 1283760138, 1428349886),
(2, 'male', 'Administrator of this Website', '', '', 'Web Designer', 'DKI Jakarta', 'Jakarta', 'Jl. Gading Putih 1 F2 No. 4', '14240', '', '2010-09-06', '1234', '081807244697', '0', '', 'image/jpeg', '78d57b4b5a0c6048b75bb0c9d91a8392.jpg', 1, 1283760138, 1424687676),
(3, 'male', 'User of this Website', '', '', 'Jakarta', '', '', 'Jl. Pulomas Barat 1 No. 31', '', '', '0000-00-00', '1234', '', '', '', 'image/jpeg', 'a8a484572c007e1e17648ae2c7ad629c.jpg', 2, 1285152397, 1449223462),
(28, 'male', 'Test', 'Public', 'Viewers', 'Web Programmer', NULL, NULL, NULL, NULL, NULL, '0000-00-00', '909090090', '909090090', NULL, NULL, NULL, NULL, 1, 1424854403, 1424689343),
(29, 'male', 'Web Programmer not a full stack', 'Defrian', 'Yarfi', 'Web Programmer', NULL, NULL, NULL, NULL, NULL, '0000-00-00', '081807244697', '081807244697', NULL, NULL, NULL, NULL, 1, 1417065898, 0),
(111, 'male', '', 'Web Developer', '', '', '', '', '', '', '', '0000-00-00', '', '', '', '', '', '', 1, 1333442128, 1333442192),
(110, 'male', '', 'Web Developer', '', '', '', '', '', '', '', '0000-00-00', '', '', '', '', '', '', 1, 1333441986, 1333442058),
(31, 'male', 'Test', 'Defrian', 'Yarfi', 'Web Programmer', NULL, NULL, NULL, NULL, NULL, '2012-02-25', '081807244697', '909090090', NULL, NULL, NULL, NULL, 1, 1424854664, 0),
(32, 'male', NULL, 'Test', NULL, NULL, NULL, NULL, NULL, NULL, NULL, NULL, NULL, NULL, NULL, NULL, NULL, '5cae9-_7___felix_boyeaux_studios_by_fixxxxx.png', 1, 1425380399, 0),
(34, 'male', NULL, 'Masdasda', NULL, NULL, NULL, NULL, NULL, NULL, NULL, NULL, NULL, NULL, NULL, NULL, NULL, NULL, 1, 1455016671, 0);

/*!40101 SET CHARACTER_SET_CLIENT=@OLD_CHARACTER_SET_CLIENT */;
/*!40101 SET CHARACTER_SET_RESULTS=@OLD_CHARACTER_SET_RESULTS */;
/*!40101 SET COLLATION_CONNECTION=@OLD_COLLATION_CONNECTION */;
